Workbook

Sheet Read me
A1: HC-SR04 sensor test results
A2: Started | B2: 2026-09-14
A3: Current result | B3: Sensor A: 25 cm recorded; first 50 cm run recorded but unstable (68 down to about 49 cm). Repeat fixed-target 50 cm run before calibration.
A4: Purpose | B4: Record accuracy, repeatability and missing readings for two sensors.
A5: Hardware | B5: Freenove ESP32-WROOM-32E; HC-SR04; TRIG GPIO32; ECHO GPIO35 through resistor divider.
A6: Setup | B6: One sensor active at a time, servo unpowered, sensor fixed and flat target facing it squarely.
A7: True distance | B7: Measure from front faces of metal transducers to target. All distances in centimetres.
A8: Plan | B8: Sensors A and B; 25, 50, 100, 150, 200 cm; 30 consecutive attempts at each distance.
A9: Raw readings | B9: Pre-filled IDs and sample numbers are planned slots, not completed measurements. Empty measurement cells mean no data.
A10: Enter readings | B10: Enter numerical distance in column E and READING in column F. Record errors in F with E blank.
A11: Error statuses | B11: NO ECHO; ECHO HIGH; OUT OF RANGE; OTHER ERROR. Preserve full serial messages in Notes.
A12: Summary | B12: Formulas calculate when opened in Excel. Numerical returns are not automatically accurate readings.
A13: Statistics | B13: Bias = measured minus true; MAE = average absolute error; SD = sample standard deviation.
... A17: Evidence | B17: Raw runs retained under evidence/: 25 cm at 21:55:43; 50 cm at 21:58:33; earlier empty capture at 21:52:39.

Sheet Raw readings
A1: Test ID | B1: Sensor | C1: True distance (cm) | D1: Sample | E1: Reading (cm) | F1: Status | G1: Bias (cm) | H1: Absolute error (cm) | I1: Notes / original serial line
A2: A-25-run1 | B2: A | C2: 25 | D2: 1 | E2: 25.1 | F2: READING | G2: =IF(ISNUMBER(E2),E2-C2,"") -> 0.1 | H2: =IF(ISNUMBER(E2),ABS(G2),"") -> 0.1 | I2: 2026-09-14T21:55:43.325044+10:00 | Distance: 25.1 cm | echo: 1466 us | Source: 20260914_215543_sensor-A_25cm_cd1e33df
A3: A-25-run1 | B3: A | C3: 25 | D3: 2 | E3: 25.1 | F3: READING | G3: =IF(ISNUMBER(E3),E3-C3,"") -> 0.1 | H3: =IF(ISNUMBER(E3),ABS(G3),"") -> 0.1 | I3: 2026-09-14T21:55:43.825805+10:00 | Distance: 25.1 cm | echo: 1466 us | Source: 20260914_215543_sensor-A_25cm_cd1e33df
A4: A-25-run1 | B4: A | C4: 25 | D4: 3 | E4: 24.6 | F4: READING | G4: =IF(ISNUMBER(E4),E4-C4,"") -> -0.4 | H4: =IF(ISNUMBER(E4),ABS(G4),"") -> 0.4 | I4: 2026-09-14T21:55:44.326459+10:00 | Distance: 24.6 cm | echo: 1432 us | Source: 20260914_215543_sensor-A_25cm_cd1e33df
A5: A-25-run1 | B5: A | C5: 25 | D5: 4 | E5: 24.5 | F5: READING | G5: =IF(ISNUMBER(E5),E5-C5,"") -> -0.5 | H5: =IF(ISNUMBER(E5),ABS(G5),"") -> 0.5 | I5: 2026-09-14T21:55:44.827020+10:00 | Distance: 24.5 cm | echo: 1431 us | Source: 20260914_215543_sensor-A_25cm_cd1e33df
A6: A-25-run1 | B6: A | C6: 25 | D6: 5 | E6: 25.5 | F6: READING | G6: =IF(ISNUMBER(E6),E6-C6,"") -> 0.5 | H6: =IF(ISNUMBER(E6),ABS(G6),"") -> 0.5 | I6: 2026-09-14T21:55:45.327687+10:00 | Distance: 25.5 cm | echo: 1484 us | Source: 20260914_215543_sensor-A_25cm_cd1e33df
A7: A-25-run1 | B7: A | C7: 25 | D7: 6 | E7: 24.9 | F7: READING | G7: =IF(ISNUMBER(E7),E7-C7,"") -> -0.1 | H7: =IF(ISNUMBER(E7),ABS(G7),"") -> 0.1 | I7: 2026-09-14T21:55:45.828469+10:00 | Distance: 24.9 cm | echo: 1449 us | Source: 20260914_215543_sensor-A_25cm_cd1e33df
A8: A-25-run1 | B8: A | C8: 25 | D8: 7 | E8: 26.3 | F8: READING | G8: =IF(ISNUMBER(E8),E8-C8,"") -> 1.3 | H8: =IF(ISNUMBER(E8),ABS(G8),"") -> 1.3 | I8: 2026-09-14T21:55:46.329096+10:00 | Distance: 26.3 cm | echo: 1536 us | Source: 20260914_215543_sensor-A_25cm_cd1e33df
A9: A-25-run1 | B9: A | C9: 25 | D9: 8 | E9: 25.4 | F9: READING | G9: =IF(ISNUMBER(E9),E9-C9,"") -> 0.4 | H9: =IF(ISNUMBER(E9),ABS(G9),"") -> 0.4 | I9: 2026-09-14T21:55:46.829464+10:00 | Distance: 25.4 cm | echo: 1483 us | Source: 20260914_215543_sensor-A_25cm_cd1e33df
A10: A-25-run1 | B10: A | C10: 25 | D10: 9 | E10: 25.5 | F10: READING | G10: =IF(ISNUMBER(E10),E10-C10,"") -> 0.5 | H10: =IF(ISNUMBER(E10),ABS(G10),"") -> 0.5 | I10: 2026-09-14T21:55:47.329940+10:00 | Distance: 25.5 cm | echo: 1484 us | Source: 20260914_215543_sensor-A_25cm_cd1e33df
A11: A-25-run1 | B11: A | C11: 25 | D11: 10 | E11: 25.4 | F11: READING | G11: =IF(ISNUMBER(E11),E11-C11,"") -> 0.4 | H11: =IF(ISNUMBER(E11),ABS(G11),"") -> 0.4 | I11: 2026-09-14T21:55:47.830552+10:00 | Distance: 25.4 cm | echo: 1483 us | Source: 20260914_215543_sensor-A_25cm_cd1e33df
A12: A-25-run1 | B12: A | C12: 25 | D12: 11 | E12: 25.5 | F12: READING | G12: =IF(ISNUMBER(E12),E12-C12,"") -> 0.5 | H12: =IF(ISNUMBER(E12),ABS(G12),"") -> 0.5 | I12: 2026-09-14T21:55:48.331180+10:00 | Distance: 25.5 cm | echo: 1484 us | Source: 20260914_215543_sensor-A_25cm_cd1e33df
A13: A-25-run1 | B13: A | C13: 25 | D13: 12 | E13: 25.4 | F13: READING | G13: =IF(ISNUMBER(E13),E13-C13,"") -> 0.4 | H13: =IF(ISNUMBER(E13),ABS(G13),"") -> 0.4 | I13: 2026-09-14T21:55:48.831776+10:00 | Distance: 25.4 cm | echo: 1483 us | Source: 20260914_215543_sensor-A_25cm_cd1e33df
... A61: A-50-run1 | B61: A | C61: 50 | D61: 30 | E61: 49 | F61: READING | G61: =IF(ISNUMBER(E61),E61-C61,"") -> -1 | H61: =IF(ISNUMBER(E61),ABS(G61),"") -> 1 | I61: 2026-09-14T21:58:48.747837+10:00 | Distance: 49.0 cm | echo: 2859 us | Source: 20260914_215833_sensor-A_50cm_f1ec5aa8
A62: A-100-run1 | B62: A | C62: 100 | D62: 1 | G62: =IF(ISNUMBER(E62),E62-C62,"") | H62: =IF(ISNUMBER(E62),ABS(G62),"")
A63: A-100-run1 | B63: A | C63: 100 | D63: 2 | G63: =IF(ISNUMBER(E63),E63-C63,"") | H63: =IF(ISNUMBER(E63),ABS(G63),"")
A64: A-100-run1 | B64: A | C64: 100 | D64: 3 | G64: =IF(ISNUMBER(E64),E64-C64,"") | H64: =IF(ISNUMBER(E64),ABS(G64),"")
A65: A-100-run1 | B65: A | C65: 100 | D65: 4 | G65: =IF(ISNUMBER(E65),E65-C65,"") | H65: =IF(ISNUMBER(E65),ABS(G65),"")
A66: A-100-run1 | B66: A | C66: 100 | D66: 5 | G66: =IF(ISNUMBER(E66),E66-C66,"") | H66: =IF(ISNUMBER(E66),ABS(G66),"")
A67: A-100-run1 | B67: A | C67: 100 | D67: 6 | G67: =IF(ISNUMBER(E67),E67-C67,"") | H67: =IF(ISNUMBER(E67),ABS(G67),"")
A68: A-100-run1 | B68: A | C68: 100 | D68: 7 | G68: =IF(ISNUMBER(E68),E68-C68,"") | H68: =IF(ISNUMBER(E68),ABS(G68),"")
A69: A-100-run1 | B69: A | C69: 100 | D69: 8 | G69: =IF(ISNUMBER(E69),E69-C69,"") | H69: =IF(ISNUMBER(E69),ABS(G69),"")
A70: A-100-run1 | B70: A | C70: 100 | D70: 9 | G70: =IF(ISNUMBER(E70),E70-C70,"") | H70: =IF(ISNUMBER(E70),ABS(G70),"")
A71: A-100-run1 | B71: A | C71: 100 | D71: 10 | G71: =IF(ISNUMBER(E71),E71-C71,"") | H71: =IF(ISNUMBER(E71),ABS(G71),"")
A72: A-100-run1 | B72: A | C72: 100 | D72: 11 | G72: =IF(ISNUMBER(E72),E72-C72,"") | H72: =IF(ISNUMBER(E72),ABS(G72),"")
A73: A-100-run1 | B73: A | C73: 100 | D73: 12 | G73: =IF(ISNUMBER(E73),E73-C73,"") | H73: =IF(ISNUMBER(E73),ABS(G73),"")
... A301: B-200-run1 | B301: B | C301: 200 | D301: 30 | G301: =IF(ISNUMBER(E301),E301-C301,"") | H301: =IF(ISNUMBER(E301),ABS(G301),"")

Sheet Summary
A1: Test ID | B1: Sensor | C1: True distance (cm) | D1: Recorded attempts | E1: Numerical returns | F1: NO ECHO | G1: ECHO HIGH | H1: Other errors | I1: Return rate | J1: Mean (cm) | K1: Bias (cm) | L1: SD (cm) | M1: Min (cm) | N1: Max (cm) | O1: MAE (cm) | P1: OUT OF RANGE
A2: A-25-run1 | B2: A | C2: 25 | D2: =E2+F2+G2+H2+P2 -> 30 | E2: =COUNT('Raw readings'!E2:E31) -> 30 | F2: =COUNTIF('Raw readings'!F2:F31,"NO ECHO") -> 0 | G2: =COUNTIF('Raw readings'!F2:F31,"ECHO HIGH") -> 0 | H2: =COUNTIF('Raw readings'!F2:F31,"OTHER ERROR") -> 0 | I2: =IF(D2=0,"",E2/D2) -> 1 | J2: =IF(E2=0,"",AVERAGE('Raw readings'!E2:E31)) -> 25.363333 | K2: =IF(E2=0,"",J2-C2) -> 0.36333333 | L2: =IF(E2<2,"",STDEV('Raw readings'!E2:E31)) -> 0.40555057 | M2: =IF(E2=0,"",MIN('Raw readings'!E2:E31)) -> 24.5 | N2: =IF(E2=0,"",MAX('Raw readings'!E2:E31)) -> 26.3 | O2: =IF(E2=0,"",AVERAGE('Raw readings'!H2:H31)) -> 0.43 | P2: =COUNTIF('Raw readings'!F2:F31,"OUT OF RANGE") -> 0
A3: A-50-run1 | B3: A | C3: 50 | D3: =E3+F3+G3+H3+P3 -> 30 | E3: =COUNT('Raw readings'!E32:E61) -> 30 | F3: =COUNTIF('Raw readings'!F32:F61,"NO ECHO") -> 0 | G3: =COUNTIF('Raw readings'!F32:F61,"ECHO HIGH") -> 0 | H3: =COUNTIF('Raw readings'!F32:F61,"OTHER ERROR") -> 0 | I3: =IF(D3=0,"",E3/D3) -> 1 | J3: =IF(E3=0,"",AVERAGE('Raw readings'!E32:E61)) -> 54.626667 | K3: =IF(E3=0,"",J3-C3) -> 4.6266667 | L3: =IF(E3<2,"",STDEV('Raw readings'!E32:E61)) -> 7.0197226 | M3: =IF(E3=0,"",MIN('Raw readings'!E32:E61)) -> 48 | N3: =IF(E3=0,"",MAX('Raw readings'!E32:E61)) -> 68 | O3: =IF(E3=0,"",AVERAGE('Raw readings'!H32:H61)) -> 5.3733333 | P3: =COUNTIF('Raw readings'!F32:F61,"OUT OF RANGE") -> 0
A4: A-100-run1 | B4: A | C4: 100 | D4: =E4+F4+G4+H4+P4 -> 0 | E4: =COUNT('Raw readings'!E62:E91) -> 0 | F4: =COUNTIF('Raw readings'!F62:F91,"NO ECHO") -> 0 | G4: =COUNTIF('Raw readings'!F62:F91,"ECHO HIGH") -> 0 | H4: =COUNTIF('Raw readings'!F62:F91,"OTHER ERROR") -> 0 | I4: =IF(D4=0,"",E4/D4) | J4: =IF(E4=0,"",AVERAGE('Raw readings'!E62:E91)) | K4: =IF(E4=0,"",J4-C4) | L4: =IF(E4<2,"",STDEV('Raw readings'!E62:E91)) | M4: =IF(E4=0,"",MIN('Raw readings'!E62:E91)) | N4: =IF(E4=0,"",MAX('Raw readings'!E62:E91)) | O4: =IF(E4=0,"",AVERAGE('Raw readings'!H62:H91)) | P4: =COUNTIF('Raw readings'!F62:F91,"OUT OF RANGE") -> 0
A5: A-150-run1 | B5: A | C5: 150 | D5: =E5+F5+G5+H5+P5 -> 0 | E5: =COUNT('Raw readings'!E92:E121) -> 0 | F5: =COUNTIF('Raw readings'!F92:F121,"NO ECHO") -> 0 | G5: =COUNTIF('Raw readings'!F92:F121,"ECHO HIGH") -> 0 | H5: =COUNTIF('Raw readings'!F92:F121,"OTHER ERROR") -> 0 | I5: =IF(D5=0,"",E5/D5) | J5: =IF(E5=0,"",AVERAGE('Raw readings'!E92:E121)) | K5: =IF(E5=0,"",J5-C5) | L5: =IF(E5<2,"",STDEV('Raw readings'!E92:E121)) | M5: =IF(E5=0,"",MIN('Raw readings'!E92:E121)) | N5: =IF(E5=0,"",MAX('Raw readings'!E92:E121)) | O5: =IF(E5=0,"",AVERAGE('Raw readings'!H92:H121)) | P5: =COUNTIF('Raw readings'!F92:F121,"OUT OF RANGE") -> 0
A6: A-200-run1 | B6: A | C6: 200 | D6: =E6+F6+G6+H6+P6 -> 0 | E6: =COUNT('Raw readings'!E122:E151) -> 0 | F6: =COUNTIF('Raw readings'!F122:F151,"NO ECHO") -> 0 | G6: =COUNTIF('Raw readings'!F122:F151,"ECHO HIGH") -> 0 | H6: =COUNTIF('Raw readings'!F122:F151,"OTHER ERROR") -> 0 | I6: =IF(D6=0,"",E6/D6) | J6: =IF(E6=0,"",AVERAGE('Raw readings'!E122:E151)) | K6: =IF(E6=0,"",J6-C6) | L6: =IF(E6<2,"",STDEV('Raw readings'!E122:E151)) | M6: =IF(E6=0,"",MIN('Raw readings'!E122:E151)) | N6: =IF(E6=0,"",MAX('Raw readings'!E122:E151)) | O6: =IF(E6=0,"",AVERAGE('Raw readings'!H122:H151)) | P6: =COUNTIF('Raw readings'!F122:F151,"OUT OF RANGE") -> 0
A7: B-25-run1 | B7: B | C7: 25 | D7: =E7+F7+G7+H7+P7 -> 0 | E7: =COUNT('Raw readings'!E152:E181) -> 0 | F7: =COUNTIF('Raw readings'!F152:F181,"NO ECHO") -> 0 | G7: =COUNTIF('Raw readings'!F152:F181,"ECHO HIGH") -> 0 | H7: =COUNTIF('Raw readings'!F152:F181,"OTHER ERROR") -> 0 | I7: =IF(D7=0,"",E7/D7) | J7: =IF(E7=0,"",AVERAGE('Raw readings'!E152:E181)) | K7: =IF(E7=0,"",J7-C7) | L7: =IF(E7<2,"",STDEV('Raw readings'!E152:E181)) | M7: =IF(E7=0,"",MIN('Raw readings'!E152:E181)) | N7: =IF(E7=0,"",MAX('Raw readings'!E152:E181)) | O7: =IF(E7=0,"",AVERAGE('Raw readings'!H152:H181)) | P7: =COUNTIF('Raw readings'!F152:F181,"OUT OF RANGE") -> 0
A8: B-50-run1 | B8: B | C8: 50 | D8: =E8+F8+G8+H8+P8 -> 0 | E8: =COUNT('Raw readings'!E182:E211) -> 0 | F8: =COUNTIF('Raw readings'!F182:F211,"NO ECHO") -> 0 | G8: =COUNTIF('Raw readings'!F182:F211,"ECHO HIGH") -> 0 | H8: =COUNTIF('Raw readings'!F182:F211,"OTHER ERROR") -> 0 | I8: =IF(D8=0,"",E8/D8) | J8: =IF(E8=0,"",AVERAGE('Raw readings'!E182:E211)) | K8: =IF(E8=0,"",J8-C8) | L8: =IF(E8<2,"",STDEV('Raw readings'!E182:E211)) | M8: =IF(E8=0,"",MIN('Raw readings'!E182:E211)) | N8: =IF(E8=0,"",MAX('Raw readings'!E182:E211)) | O8: =IF(E8=0,"",AVERAGE('Raw readings'!H182:H211)) | P8: =COUNTIF('Raw readings'!F182:F211,"OUT OF RANGE") -> 0
A9: B-100-run1 | B9: B | C9: 100 | D9: =E9+F9+G9+H9+P9 -> 0 | E9: =COUNT('Raw readings'!E212:E241) -> 0 | F9: =COUNTIF('Raw readings'!F212:F241,"NO ECHO") -> 0 | G9: =COUNTIF('Raw readings'!F212:F241,"ECHO HIGH") -> 0 | H9: =COUNTIF('Raw readings'!F212:F241,"OTHER ERROR") -> 0 | I9: =IF(D9=0,"",E9/D9) | J9: =IF(E9=0,"",AVERAGE('Raw readings'!E212:E241)) | K9: =IF(E9=0,"",J9-C9) | L9: =IF(E9<2,"",STDEV('Raw readings'!E212:E241)) | M9: =IF(E9=0,"",MIN('Raw readings'!E212:E241)) | N9: =IF(E9=0,"",MAX('Raw readings'!E212:E241)) | O9: =IF(E9=0,"",AVERAGE('Raw readings'!H212:H241)) | P9: =COUNTIF('Raw readings'!F212:F241,"OUT OF RANGE") -> 0
A10: B-150-run1 | B10: B | C10: 150 | D10: =E10+F10+G10+H10+P10 -> 0 | E10: =COUNT('Raw readings'!E242:E271) -> 0 | F10: =COUNTIF('Raw readings'!F242:F271,"NO ECHO") -> 0 | G10: =COUNTIF('Raw readings'!F242:F271,"ECHO HIGH") -> 0 | H10: =COUNTIF('Raw readings'!F242:F271,"OTHER ERROR") -> 0 | I10: =IF(D10=0,"",E10/D10) | J10: =IF(E10=0,"",AVERAGE('Raw readings'!E242:E271)) | K10: =IF(E10=0,"",J10-C10) | L10: =IF(E10<2,"",STDEV('Raw readings'!E242:E271)) | M10: =IF(E10=0,"",MIN('Raw readings'!E242:E271)) | N10: =IF(E10=0,"",MAX('Raw readings'!E242:E271)) | O10: =IF(E10=0,"",AVERAGE('Raw readings'!H242:H271)) | P10: =COUNTIF('Raw readings'!F242:F271,"OUT OF RANGE") -> 0
A11: B-200-run1 | B11: B | C11: 200 | D11: =E11+F11+G11+H11+P11 -> 0 | E11: =COUNT('Raw readings'!E272:E301) -> 0 | F11: =COUNTIF('Raw readings'!F272:F301,"NO ECHO") -> 0 | G11: =COUNTIF('Raw readings'!F272:F301,"ECHO HIGH") -> 0 | H11: =COUNTIF('Raw readings'!F272:F301,"OTHER ERROR") -> 0 | I11: =IF(D11=0,"",E11/D11) | J11: =IF(E11=0,"",AVERAGE('Raw readings'!E272:E301)) | K11: =IF(E11=0,"",J11-C11) | L11: =IF(E11<2,"",STDEV('Raw readings'!E272:E301)) | M11: =IF(E11=0,"",MIN('Raw readings'!E272:E301)) | N11: =IF(E11=0,"",MAX('Raw readings'!E272:E301)) | O11: =IF(E11=0,"",AVERAGE('Raw readings'!H272:H301)) | P11: =COUNTIF('Raw readings'!F272:F301,"OUT OF RANGE") -> 0

Sheet Troubleshooting
A1: Step | B1: Observation | C1: Evidence | D1: Conclusion
A2: 1 | B2: Python shared-library error in Arduino Snap; exit 255 | C2: User screenshot | D2: Build tool failed; no sensor measurement.
A3: 2 | B3: Repeated ECHO already HIGH | C3: User screenshots | D3: Sketch running; input HIGH before measurement.
A4: 3 | B4: HIGH persisted after sensor ECHO disconnected from A10 | C4: User statement and screenshot | D4: Sensor output disconnected; inspect board/divider/ground path.
A5: 4 | B5: Direct GPIO35-to-GND diagnostic suggested | C5: User said it works now; exact diagnostic output not supplied | D5: Do not infer a specific diagnostic reading.
A6: 5 | B6: Distance readings with sensor reconnected | C6: User explicitly confirmed via reply | D6: Basic ranging reported working; accuracy and reliability await numerical data.

Sheet Calibration notes
A1: Item | B1: Recorded status
A2: User request | B2: Reject readings farther than 200 cm in the Arduino bench test.
A3: Implementation | B3: Accept computed 2-200 cm inclusive; OUT OF RANGE otherwise. No fabricated 200 cm replacement for rejected distances.
A4: Calibration status | B4: Not calibrated: no actual known-distance readings supplied.
A5: Project geometry | B5: Far boundary is 200 cm from wall; default opposite sensor-to-corner distance is approximately 234 cm.
A6: Scope | B6: 200 cm cap applies to standalone Arduino sensor test. Full tracker node firmware retains its existing range limits.
A7: Boundary bias | B7: At true 200 cm, positive measurement errors can be rejected. Keep these counts; use an uncapped diagnostic run if needed to estimate bias.
A8: Next measurements | B8: 30 consecutive lines at each measured distance, sensor identity, target size, and power/temperature conditions if available.
A9: Bench upload status | B9: Updated sketch has not been confirmed uploaded to the physical board.
A10: Measured at 25 cm | B10: Sensor A: 30/30 returns; mean 25.3633 cm; bias +0.3633 cm; SD 0.4056 cm; MAE 0.43 cm. No calibration correction applied; collect more distances first.
A11: 50 cm run 1: repeat needed | B11: 30/30 numerical returns; mean 54.6267 cm, bias +4.6267 cm, SD 7.0197 cm, range 48–68 cm, MAE 5.3733 cm. Readings trend downward during capture; target movement or changing reflection is possible, not confirmed. No correction applied.
